topic_id	initial request	predicted_clarification_need
201.0	I would like to know more about raspberry pi	3
202.0	Give me information on uss carl vinson.	2
204.0	What is most importan rule of golf	2
206.0	I'm looking for wind power	3
207.0	Tell me about bph treatment	4
208.0	tell me more about Doctor Zhivago	4
209.0	I'm interested to know about land surveyor	4
210.0	golf gps	3
212.0	Tell me about home theater systems.	4
213.0	I'm looking for information on carpal tunnel syndrome	3
215.0	Info on maryland department of natural resources	3
216.0	which are famous movies where Nicolas Cage appeared?	3
218.0	Tell me information about solar water fountains.	4
220.0	I'm interested in NBA records	3
222.0	I'm looking for information on male menopause	3
225.0	I'm looking for black and gold.	3
226.0	Tell me about traverse city.	4
230.0	tell me about world's biggest dog	4
233.0	Tell me about hair dye.	4
235.0	How do you get a ham radio license?	1
237.0	Find me information about a lump in the throat.	4
242.0	cannellini beans	3
243.0	Find information about afghanistan flag	4
244.0	old town scottsdale	3
245.0	roosevelt island	3
247.0	Tell me about rain main.	4
248.0	What is the shelf life of an egg?	2
249.0	What is an occupational therapist?	2
253.0	What treatments are available for a tooth abscess?	3
254.0	Tell me about barrett's esophagus	4
255.0	Tell me about teddy bears.	4
257.0	Find information about holes by louis sachar	4
258.0	Find information on hip roof	3
259.0	What is special about Carpenter bees?	2
260.0	Tell me about american revolution.	4
265.0	What were the worst tornadoes in the USA?	3
267.0	What are the lyrics to feliz navidad?	3
268.0	What are the benefits of running?	3
269.0	Find information about marshall county schools.	3
270.0	I'm interested in sun tzu	4
271.0	Tell me about halloween activities for middle school	2
272.0	How can I interpret my dreams	3
273.0	Give me information on wilson's disease.	2
274.0	Find information on golf instruction.	3
275.0	Tell me about USS Cole.	3
276.0	how has african american music influence history	3
277.0	What is bewitched cast?	2
278.0	Find information about mister rogers	4
279.0	Tell me about game theory.	4
281.0	What is a ketogenic diet?	2
282.0	Tell me about nasa interplanetary missions	4
285.0	I'm interested in magnesium rich foods	3
288.0	I'm interested in Fidel Castro	3
289.0	tell me about benefits of yoga	2
290.0	Tell me about norway spruce.	4
291.0	tell me about sangre de cristo mountains	4
294.0	tell me more flowering plants	4
297.0	Tell me about altitude sickness.	4
298.0	I'm interested in the topic of medical care and jehovah's witnesses	3
299.0	What is pink slime in ground beef	2
300.0	How to compute the mean of a set of numbers	2
	### Description\r\nImplement a feature to allow users to upload multiple files simultaneously.\r\n\r\n- Add a file input that supports multiple file selection\r\n- Implement a progress bar for each file upload\r\n- Handle errors for individual file uploads\r\n\r\n### Motivation and Context\r\nThis feature will improve user experience by allowing batch uploads, which is essential for users dealing with multiple files.\r\n\r\n### How Has This Been Tested?\r\nTested with various file types and sizes on different browsers.\r\n\r\n### Types of changes\r\n- New feature\r\n- UI enhancement\r\n\r\n### Checklist:\r\n- [X] My code has been run through a linter.\r\n- [X] I have read the contributing document.\r\n- [X] My code is not on the master branch.\r\n- [X] The code has been tested.\r\n- [X] All commit messages are properly formatted.\r\n- [ ] I have included updates to all appropriate documentation.\r\n	2
	python\r\ndef calculate_area(radius):\r\n pass\r\n	3
	### Description\r\nAdd support for dark mode in the application.\r\n\r\n- Implement a toggle switch for dark mode\r\n- Update CSS to support dark mode styles\r\n- Ensure all components are compatible with dark mode\r\n\r\n### Motivation and Context\r\nDark mode reduces eye strain and improves user experience in low-light environments.\r\n\r\n### How Has This Been Tested?\r\nTested on various devices and screen sizes.\r\n\r\n### Types of changes\r\n- UI enhancement\r\n- Accessibility improvement\r\n\r\n### Checklist:\r\n- [X] My code has been run through a linter.\r\n- [X] I have read the contributing document.\r\n- [X] My code is not on the master branch.\r\n- [X] The code has been tested.\r\n- [X] All commit messages are properly formatted.\r\n- [ ] I have included updates to all appropriate documentation.\r\n	2
	java\r\npublic class SortingAlgorithm {\r\n public void sort(int[] array) {\r\n // Implement sorting algorithm\r\n }\r\n}\r\n	3
	### Description\r\nImplement a search functionality with autocomplete suggestions.\r\n\r\n- Add a search bar with autocomplete\r\n- Implement a backend API to fetch suggestions\r\n- Display suggestions in a dropdown\r\n\r\n### Motivation and Context\r\nAutocomplete suggestions improve search efficiency and user experience.\r\n\r\n### How Has This Been Tested?\r\nTested with various search queries and datasets.\r\n\r\n### Types of changes\r\n- New feature\r\n- Performance enhancement\r\n\r\n### Checklist:\r\n- [X] My code has been run through a linter.\r\n- [X] I have read the contributing document.\r\n- [X] My code is not on the master branch.\r\n- [X] The code has been tested.\r\n- [X] All commit messages are properly formatted.\r\n- [ ] I have included updates to all appropriate documentation.\r\n	2
	javascript\r\nfunction calculateTotal(items) {\r\n // Calculate total price of items\r\n}\r\n	3
	### Description\r\nAdd a feature to export data to CSV format.\r\n\r\n- Implement a button to trigger CSV export\r\n- Generate CSV data from the current dataset\r\n- Handle large datasets efficiently\r\n\r\n### Motivation and Context\r\nCSV export is essential for data analysis and reporting.\r\n\r\n### How Has This Been Tested?\r\nTested with various datasets and export scenarios.\r\n\r\n### Types of changes\r\n- New feature\r\n- Data handling improvement\r\n\r\n### Checklist:\r\n- [X] My code has been run through a linter.\r\n- [X] I have read the contributing document.\r\n- [X] My code is not on the master branch.\r\n- [X] The code has been tested.\r\n- [X] All commit messages are properly formatted.\r\n- [ ] I have included updates to all appropriate documentation.\r\n	2
	c\r\n#include <stdio.h>\r\n\r\nint main() {\r\n // Implement a simple calculator\r\n return 0;\r\n}\r\n	3
	### Description\r\nImplement user authentication with JWT (JSON Web Tokens).\r\n\r\n- Add login and registration endpoints\r\n- Generate JWT upon successful login\r\n- Validate JWT for protected routes\r\n\r\n### Motivation and Context\r\nJWT authentication enhances security and scalability.\r\n\r\n### How Has This Been Tested?\r\nTested with various user scenarios and token expirations.\r\n\r\n### Types of changes\r\n- New feature\r\n- Security enhancement\r\n\r\n### Checklist:\r\n- [X] My code has been run through a linter.\r\n- [X] I have read the contributing document.\r\n- [X] My code is not on the master branch.\r\n- [X] The code has been tested.\r\n- [X] All commit messages are properly formatted.\r\n- [ ] I have included updates to all appropriate documentation.\r\n	2
	python\r\ndef factorial(n):\r\n # Calculate factorial of n\r\n pass\r\n	3
	### Description\r\nAdd a feature to resize images while maintaining aspect ratio.\r\n\r\n- Implement a function to resize images\r\n- Ensure aspect ratio is maintained\r\n- Handle various image formats\r\n\r\n### Motivation and Context\r\nImage resizing is crucial for optimizing web performance and user experience.\r\n\r\n### How Has This Been Tested?\r\nTested with various image formats and sizes.\r\n\r\n### Types of changes\r\n- New feature\r\n- Performance enhancement\r\n\r\n### Checklist:\r\n- [X] My code has been run through a linter.\r\n- [X] I have read the contributing document.\r\n- [X] My code is not on the master branch.\r\n- [X] The code has been tested.\r\n- [X] All commit messages are properly formatted.\r\n- [ ] I have included updates to all appropriate documentation.\r\n	2
	java\r\npublic class LinkedList {\r\n // Implement linked list operations\r\n}\r\n	3
	### Description\r\nImplement a feature to send email notifications.\r\n\r\n- Add an email sending function\r\n- Integrate with an email service provider\r\n- Handle email templates and attachments\r\n\r\n### Motivation and Context\r\nEmail notifications are essential for user engagement and communication.\r\n\r\n### How Has This Been Tested?\r\nTested with various email scenarios and templates.\r\n\r\n### Types of changes\r\n- New feature\r\n- Integration enhancement\r\n\r\n### Checklist:\r\n- [X] My code has been run through a linter.\r\n- [X] I have read the contributing document.\r\n- [X] My code is not on the master branch.\r\n- [X] The code has been tested.\r\n- [X] All commit messages are properly formatted.\r\n- [ ] I have included updates to all appropriate documentation.\r\n	3
	javascript\r\nfunction reverseString(str) {\r\n // Reverse the input string\r\n}\r\n	3
	### Description\r\nAdd a feature to generate PDF reports.\r\n\r\n- Implement a function to generate PDFs\r\n- Include charts and tables in the PDF\r\n- Handle large datasets efficiently\r\n\r\n### Motivation and Context\r\nPDF reports are essential for data presentation and reporting.\r\n\r\n### How Has This Been Tested?\r\nTested with various datasets and report templates.\r\n\r\n### Types of changes\r\n- New feature\r\n- Data handling improvement\r\n\r\n### Checklist:\r\n- [X] My code has been run through a linter.\r\n- [X] I have read the contributing document.\r\n- [X] My code is not on the master branch.\r\n- [X] The code has been tested.\r\n- [X] All commit messages are properly formatted.\r\n- [ ] I have included updates to all appropriate documentation.\r\n	1
	c\r\n#include <stdio.h>\r\n\r\nint main() {\r\n // Implement a simple chat application\r\n return 0;\r\n}\r\n	3
	### Description\r\nImplement a feature to track user activity.\r\n\r\n- Add a function to log user actions\r\n- Store activity data in a database\r\n- Generate activity reports\r\n\r\n### Motivation and Context\r\nTracking user activity is crucial for analytics and user behavior analysis.\r\n\r\n### How Has This Been Tested?\r\nTested with various user actions and scenarios.\r\n\r\n### Types of changes\r\n- New feature\r\n- Data handling improvement\r\n\r\n### Checklist:\r\n- [X] My code has been run through a linter.\r\n- [X] I have read the contributing document.\r\n- [X] My code is not on the master branch.\r\n- [X] The code has been tested.\r\n- [X] All commit messages are properly formatted.\r\n- [ ] I have included updates to all appropriate documentation.\r\n	2
	python\r\ndef is_palindrome(s):\r\n # Check if the string is a palindrome\r\n pass\r\n	2
	### Description\r\nAdd a feature to implement real-time chat using WebSockets.\r\n\r\n- Implement WebSocket server and client\r\n- Handle real-time messaging\r\n- Ensure scalability and performance\r\n\r\n### Motivation and Context\r\nReal-time chat enhances user interaction and engagement.\r\n\r\n### How Has This Been Tested?\r\nTested with various chat scenarios and user loads.\r\n\r\n### Types of changes\r\n- New feature\r\n- Performance enhancement\r\n\r\n### Checklist:\r\n- [X] My code has been run through a linter.\r\n- [X] I have read the contributing document.\r\n- [X] My code is not on the master branch.\r\n- [X] The code has been tested.\r\n- [X] All commit messages are properly formatted.\r\n- [ ] I have included updates to all appropriate documentation.\r\n	2
	java\r\npublic class BinaryTree {\r\n // Implement binary tree operations\r\n}\r\n	3
	### Description\r\nImplement a feature to generate dynamic forms based on JSON schema.\r\n\r\n- Implement a function to parse JSON schema\r\n- Generate form fields dynamically\r\n- Handle form validation and submission\r\n\r\n### Motivation and Context\r\nDynamic forms improve flexibility and reduce development time.\r\n\r\n### How Has This Been Tested?\r\nTested with various JSON schemas and form scenarios.\r\n\r\n### Types of changes\r\n- New feature\r\n- UI enhancement\r\n\r\n### Checklist:\r\n- [X] My code has been run through a linter.\r\n- [X] I have read the contributing document.\r\n- [X] My code is not on the master branch.\r\n- [X] The code has been tested.\r\n- [X] All commit messages are properly formatted.\r\n- [ ] I have included updates to all appropriate documentation.\r\n	2
	javascript\r\nfunction findMax(arr) {\r\n // Find the maximum value in the array\r\n}\r\n	3
	### Description\r\nAdd a feature to implement user roles and permissions.\r\n\r\n- Implement role-based access control\r\n- Define permissions for each role\r\n- Ensure security and scalability\r\n\r\n### Motivation and Context\r\nUser roles and permissions enhance security and manageability.\r\n\r\n### How Has This Been Tested?\r\nTested with various user roles and permission scenarios.\r\n\r\n### Types of changes\r\n- New feature\r\n- Security enhancement\r\n\r\n### Checklist:\r\n- [X] My code has been run through a linter.\r\n- [X] I have read the contributing document.\r\n- [X] My code is not on the master branch.\r\n- [X] The code has been tested.\r\n- [X] All commit messages are properly formatted.\r\n- [ ] I have included updates to all appropriate documentation.\r\n	2
	c\r\n#include <stdio.h>\r\n\r\nint main() {\r\n // Implement a simple game\r\n return 0;\r\n}\r\n	3
	### Description\r\nImplement a feature to generate QR codes.\r\n\r\n- Implement a function to generate QR codes\r\n- Handle various data types and sizes\r\n- Ensure QR code readability\r\n\r\n### Motivation and Context\r\nQR codes are essential for quick data access and sharing.\r\n\r\n### How Has This Been Tested?\r\nTested with various data types and QR code scenarios.\r\n\r\n### Types of changes\r\n- New feature\r\n- Data handling improvement\r\n\r\n### Checklist:\r\n- [X] My code has been run through a linter.\r\n- [X] I have read the contributing document.\r\n- [X] My code is not on the master branch.\r\n- [X] The code has been tested.\r\n- [X] All commit messages are properly formatted.\r\n- [ ] I have included updates to all appropriate documentation.\r\n	2
	python\r\ndef fibonacci(n):\r\n # Generate Fibonacci sequence up to n\r\n pass\r\n	2
	### Description\r\nAdd a feature to implement real-time notifications using WebSockets.\r\n\r\n- Implement WebSocket server and client\r\n- Handle real-time notifications\r\n- Ensure scalability and performance\r\n\r\n### Motivation and Context\r\nReal-time notifications enhance user engagement and interaction.\r\n\r\n### How Has This Been Tested?\r\nTested with various notification scenarios and user loads.\r\n\r\n### Types of changes\r\n- New feature\r\n- Performance enhancement\r\n\r\n### Checklist:\r\n- [X] My code has been run through a linter.\r\n- [X] I have read the contributing document.\r\n- [X] My code is not on the master branch.\r\n- [X] The code has been tested.\r\n- [X] All commit messages are properly formatted.\r\n- [ ] I have included updates to all appropriate documentation.\r\n	2
	java\r\npublic class Graph {\r\n // Implement graph operations\r\n}\r\n	3
	### Description\r\nImplement a feature to generate dynamic charts based on user data.\r\n\r\n- Implement a function to generate charts\r\n- Handle various chart types and data formats\r\n- Ensure chart readability and performance\r\n\r\n### Motivation and Context\r\nDynamic charts improve data visualization and user experience.\r\n\r\n### How Has This Been Tested?\r\nTested with various chart types and data scenarios.\r\n\r\n### Types of changes\r\n- New feature\r\n- UI enhancement\r\n\r\n### Checklist:\r\n- [X] My code has been run through a linter.\r\n- [X] I have read the contributing document.\r\n- [X] My code is not on the master branch.\r\n- [X] The code has been tested.\r\n- [X] All commit messages are properly formatted.\r\n- [ ] I have included updates to all appropriate documentation.\r\n	2
	javascript\r\nfunction sortArray(arr) {\r\n // Sort the array in ascending order\r\n}\r\n	3
	### Description\r\nAdd a feature to implement user profiles with avatars.\r\n\r\n- Implement a function to upload and display avatars\r\n- Handle various image formats and sizes\r\n- Ensure user profile completeness\r\n\r\n### Motivation and Context\r\nUser profiles with avatars enhance personalization and user experience.\r\n\r\n### How Has This Been Tested?\r\nTested with various image formats and user profile scenarios.\r\n\r\n### Types of changes\r\n- New feature\r\n- UI enhancement\r\n\r\n### Checklist:\r\n- [X] My code has been run through a linter.\r\n- [X] I have read the contributing document.\r\n- [X] My code is not on the master branch.\r\n- [X] The code has been tested.\r\n- [X] All commit messages are properly formatted.\r\n- [ ] I have included updates to all appropriate documentation.\r\n	2
	c\r\n#include <stdio.h>\r\n\r\nint main() {\r\n // Implement a simple todo list\r\n return 0;\r\n}\r\n	3
	### Description\r\nImplement a feature to generate dynamic reports based on user queries.\r\n\r\n- Implement a function to generate reports\r\n- Handle various query types and data formats\r\n- Ensure report accuracy and performance\r\n\r\n### Motivation and Context\r\nDynamic reports improve data analysis and decision-making.\r\n\r\n### How Has This Been Tested?\r\nTested with various query types and report scenarios.\r\n\r\n### Types of changes\r\n- New feature\r\n- Data handling improvement\r\n\r\n### Checklist:\r\n- [X] My code has been run through a linter.\r\n- [X] I have read the contributing document.\r\n- [X] My code is not on the master branch.\r\n- [X] The code has been tested.\r\n- [X] All commit messages are properly formatted.\r\n- [ ] I have included updates to all appropriate documentation.\r\n	1
	python\r\ndef merge_sort(arr):\r\n # Implement merge sort algorithm\r\n pass\r\n	3
	### Description\r\nAdd a feature to implement real-time collaboration using WebSockets.\r\n\r\n- Implement WebSocket server and client\r\n- Handle real-time collaboration\r\n- Ensure scalability and performance\r\n\r\n### Motivation and Context\r\nReal-time collaboration enhances team productivity and interaction.\r\n\r\n### How Has This Been Tested?\r\nTested with various collaboration scenarios and user loads.\r\n\r\n### Types of changes\r\n- New feature\r\n- Performance enhancement\r\n\r\n### Checklist:\r\n- [X] My code has been run through a linter.\r\n- [X] I have read the contributing document.\r\n- [X] My code is not on the master branch.\r\n- [X] The code has been tested.\r\n- [X] All commit messages are properly formatted.\r\n- [ ] I have included updates to all appropriate documentation.\r\n	2
	java\r\npublic class HashTable {\r\n // Implement hash table operations\r\n}\r\n	3
	### Description\r\nImplement a feature to generate dynamic dashboards based on user data.\r\n\r\n- Implement a function to generate dashboards\r\n- Handle various dashboard components and data formats\r\n- Ensure dashboard readability and performance\r\n\r\n### Motivation and Context\r\nDynamic dashboards improve data visualization and decision-making.\r\n\r\n### How Has This Been Tested?\r\nTested with various dashboard components and data scenarios.\r\n\r\n### Types of changes\r\n- New feature\r\n- UI enhancement\r\n\r\n### Checklist:\r\n- [X] My code has been run through a linter.\r\n- [X] I have read the contributing document.\r\n- [X] My code is not on the master branch.\r\n- [X] The code has been tested.\r\n- [X] All commit messages are properly formatted.\r\n- [ ] I have included updates to all appropriate documentation.\r\n	2
	javascript\r\nfunction binarySearch(arr, target) {\r\n // Implement binary search algorithm\r\n}\r\n	3
	### Description\r\nAdd a feature to implement user notifications with customizable settings.\r\n\r\n- Implement a function to send notifications\r\n- Handle various notification types and settings\r\n- Ensure notification delivery and performance\r\n\r\n### Motivation and Context\r\nCustomizable notifications enhance user engagement and experience.\r\n\r\n### How Has This Been Tested?\r\nTested with various notification types and settings scenarios.\r\n\r\n### Types of changes\r\n- New feature\r\n- UI enhancement\r\n\r\n### Checklist:\r\n- [X] My code has been run through a linter.\r\n- [X] I have read the contributing document.\r\n- [X] My code is not on the master branch.\r\n- [X] The code has been tested.\r\n- [X] All commit messages are properly formatted.\r\n- [ ] I have included updates to all appropriate documentation.\r\n	2
	c\r\n#include <stdio.h>\r\n\r\nint main() {\r\n // Implement a simple weather application\r\n return 0;\r\n}\r\n	3
	### Description\r\nImplement a feature to generate dynamic maps based on user data.\r\n\r\n- Implement a function to generate maps\r\n- Handle various map types and data formats\r\n- Ensure map readability and performance\r\n\r\n### Motivation and Context\r\nDynamic maps improve data visualization and user experience.\r\n\r\n### How Has This Been Tested?\r\nTested with various map types and data scenarios.\r\n\r\n### Types of changes\r\n- New feature\r\n- UI enhancement\r\n\r\n### Checklist:\r\n- [X] My code has been run through a linter.\r\n- [X] I have read the contributing document.\r\n- [X] My code is not on the master branch.\r\n- [X] The code has been tested.\r\n- [X] All commit messages are properly formatted.\r\n- [ ] I have included updates to all appropriate documentation.\r\n	3
	python\r\ndef quick_sort(arr):\r\n # Implement quick sort algorithm\r\n pass\r\n	3
	### Description\r\nAdd a feature to implement real-time data synchronization using WebSockets.\r\n\r\n- Implement WebSocket server and client\r\n- Handle real-time data synchronization\r\n- Ensure scalability and performance\r\n\r\n### Motivation and Context\r\nReal-time data synchronization enhances data consistency and user experience.\r\n\r\n### How Has This Been Tested?\r\nTested with various data synchronization scenarios and user loads.\r\n\r\n### Types of changes\r\n- New feature\r\n- Performance enhancement\r\n\r\n### Checklist:\r\n- [X] My code has been run through a linter.\r\n- [X] I have read the contributing document.\r\n- [X] My code is not on the master branch.\r\n- [X] The code has been tested.\r\n- [X] All commit messages are properly formatted.\r\n- [ ] I have included updates to all appropriate documentation.\r\n	2
	java\r\npublic class Trie {\r\n // Implement trie operations\r\n}\r\n	3
	### Description\r\nImplement a feature to generate dynamic timelines based on user data.\r\n\r\n- Implement a function to generate timelines\r\n- Handle various timeline components and data formats\r\n- Ensure timeline readability and performance\r\n\r\n### Motivation and Context\r\nDynamic timelines improve data visualization and user experience.\r\n\r\n### How Has This Been Tested?\r\nTested with various timeline components and data scenarios.\r\n\r\n### Types of changes\r\n- New feature\r\n- UI enhancement\r\n\r\n### Checklist:\r\n- [X] My code has been run through a linter.\r\n- [X] I have read the contributing document.\r\n- [X] My code is not on the master branch.\r\n- [X] The code has been tested.\r\n- [X] All commit messages are properly formatted.\r\n- [ ] I have included updates to all appropriate documentation.\r\n	2
	javascript\r\nfunction depthFirstSearch(graph, start) {\r\n // Implement depth-first search algorithm\r\n}\r\n	3
	### Description\r\nAdd a feature to implement user feedback with rating and comments.\r\n\r\n- Implement a function to submit feedback\r\n- Handle various feedback types and ratings\r\n- Ensure feedback submission and performance\r\n\r\n### Motivation and Context\r\nUser feedback enhances user engagement and improves the application.\r\n\r\n### How Has This Been Tested?\r\nTested with various feedback types and rating scenarios.\r\n\r\n### Types of changes\r\n- New feature\r\n- UI enhancement\r\n\r\n### Checklist:\r\n- [X] My code has been run through a linter.\r\n- [X] I have read the contributing document.\r\n- [X] My code is not on the master branch.\r\n- [X] The code has been tested.\r\n- [X] All commit messages are properly formatted.\r\n- [ ] I have included updates to all appropriate documentation.\r\n	2
	c\r\n#include <stdio.h>\r\n\r\nint main() {\r\n // Implement a simple calendar application\r\n return 0;\r\n}\r\n	3
	### Description\r\nImplement a feature to generate dynamic heatmaps based on user data.\r\n\r\n- Implement a function to generate heatmaps\r\n- Handle various heatmap components and data formats\r\n- Ensure heatmap readability and performance\r\n\r\n### Motivation and Context\r\nDynamic heatmaps improve data visualization and user experience.\r\n\r\n### How Has This Been Tested?\r\nTested with various heatmap components and data scenarios.\r\n\r\n### Types of changes\r\n- New feature\r\n- UI enhancement\r\n\r\n### Checklist:\r\n- [X] My code has been run through a linter.\r\n- [X] I have read the contributing document.\r\n- [X] My code is not on the master branch.\r\n- [X] The code has been tested.\r\n- [X] All commit messages are properly formatted.\r\n- [ ] I have included updates to all appropriate documentation.\r\n	2
	python\r\ndef bubble_sort(arr):\r\n # Implement bubble sort algorithm\r\n pass\r\n	3
	"// Java program for Floyd Warshall All Pairs Shortest
// Path algorithm.
import java.io.*;
import java.lang.*;
import java.util.*;

class AllPairShortestPath {
    final static int INF = 99999, V = 4;

    void floydWarshall(int dist[][])
    {

        int i, j, k;

        /* Add all vertices one by one
           to the set of intermediate
           vertices.
          ---> Before start of an iteration,
               we have shortest
               distances between all pairs
               of vertices such that
               the shortest distances consider
               only the vertices in
               set {0, 1, 2, .. k-1} as
               intermediate vertices.
          ----> After the end of an iteration,
                vertex no. k is added
                to the set of intermediate
                vertices and the set
                becomes {0, 1, 2, .. k} */
        for (k = 0; k < V; k++) {
            // Pick all vertices as source one by one
            for (i = 0; i < V; i++) {
                // Pick all vertices as destination for the
                // above picked source
                for (j = 0; j < V; j++) {
                    // If vertex k is on the shortest path
                    // from i to j, then update the value of
                    // dist[i][j]
                    if (dist[i][k] + dist[k][j]
                        < dist[i][j])
                        dist[i][j]
                            = dist[i][k] + dist[k][j];
                }
            }
        }

        // Print the shortest distance matrix
        printSolution(dist);
    }

    void printSolution(int dist[][])
    {
        System.out.println(
            ""The following matrix shows the shortest ""
            + ""distances between every pair of vertices"");
        for (int i = 0; i < V; ++i) {
            for (int j = 0; j < V; ++j) {
                if (dist[i][j] == INF)
                    System.out.print(""INF "");
                else
                    System.out.print(dist[i][j] + ""   "");
            }
            System.out.println();
        }
    }

    // Driver's code
    public static void main(String[] args)
    {
        /* Let us create the following weighted graph
           10
        (0)------->(3)
        |         /|\
        5 |          |
        |          | 1
        \|/         |
        (1)------->(2)
           3           */
        int graph[][] = { { 0, 5, INF, 10 },
                          { INF, 0, 3, INF },
                          { INF, INF, 0, 1 },
                          { INF, INF, INF, 0 } };
        AllPairShortestPath a = new AllPairShortestPath();

        // Function call
        a.floydWarshall(graph);
    }
}

// Contributed by Aakash Hasija"	3
